{
    "fabric_sup_1": 6.562865972518921,
    "cover_sup_1": 7.248899221420288,
    "cluster_sup_1": 6.819016933441162,
    "column_sup_1": 6.927987337112427,
    "cluster_sup_2": 6.950350522994995,
    "wheel_sup_2": 7.232483863830566,
    "shaft_sup_1": 7.2358832359313965,
    "plastic_sup_2": 7.5180463790893555,
    "switch_sup_1": 6.963836431503296,
    "steering_sup_1": 6.828649997711182,
    "screen_sup_2": 6.927350044250488,
    "button_sup_4": 6.954308986663818,
    "plastic_sup_4": 6.896543025970459,
    "leather_sup_1": 6.793888807296753,
    "wiring_sup_1": 6.9045655727386475,
    "beam_sup_1": 6.898421764373779,
    "beam_sup_2": 6.981388568878174,
    "fanvent_sup_3": 7.043794631958008,
    "radio_sup_1": 7.356341361999512,
    "glovebox_sup_2": 7.157372713088989,
    "HVAC_sup_1": 6.853305339813232,
    "compressor_sup_3": 7.028527498245239,
    "screen_sup_1": 7.143943786621094,
    "bezel_sup_3": 6.9101722240448,
    "controlunit_sup_1": 6.986615180969238,
    "compressor_sup_1": 6.983439207077026,
    "switch_sup_3": 7.0849151611328125,
    "HVAC_sup_3": 6.828789710998535,
    "fanvent_sup_1": 7.021220445632935,
    "shaft_sup_2": 6.9701244831085205,
    "wheel_sup_1": 7.020177364349365,
    "glass_sup_1": 7.0355987548828125,
    "faceplate_sup_1": 6.981497764587402,
    "gauge_sup_1": 7.057805061340332,
    "cockpit_assy_2": 7.14467716217041,
    "infortainment_sup_4": 6.92780613899231,
    "al_sup_1": 6.995588779449463,
    "steering_sup_2": 6.881215572357178,
    "cockpit_assy_3": 6.7588512897491455,
    "screen_sup_4": 6.768710136413574,
    "compressor_sup_2": 7.072791337966919,
    "infortainment_sup_1": 6.889821767807007,
    "wiring_sup_2": 7.003585577011108,
    "wire_sup_1": 7.015643835067749,
    "LED_sup_2": 7.020034313201904,
    "wood_sup_1": 7.285268545150757,
    "valve_sup_1": 7.048131465911865,
    "wiring_sup_4": 6.9532530307769775,
    "glovebox_sup_1": 7.028455495834351,
    "screen_sup_5": 6.990636110305786,
    "button_sup_2": 7.01067328453064,
    "bezel_sup_1": 6.920760154724121,
    "substrate_sup_1": 6.928303956985474,
    "connector_sup_1": 7.027882814407349,
    "HVAC_sup_2": 6.995070457458496,
    "plastic_sup_5": 6.952446460723877,
    "plastic_sup_1": 6.917391777038574,
    "button_sup_5": 7.062241792678833,
    "duct_sup_1": 6.98643684387207,
    "infortainment_sup_3": 6.9734485149383545,
    "chip_sup_1": 7.050384759902954,
    "cluster_sup_4": 7.172153949737549,
    "bezel_sup_5": 6.932868242263794,
    "screen_sup_3": 7.0103020668029785,
    "cover_sup_2": 6.980326414108276,
    "airbag_sup_2": 7.108860731124878,
    "airbag_sup_1": 6.96864652633667,
    "cockpit_assy_1": 6.8941144943237305,
    "bezel_sup_4": 6.952742338180542,
    "shaft_sup_3": 7.0599045753479,
    "wire_sup_2": 7.048100709915161,
    "navi_sup_1": 6.995900630950928,
    "faceplate_sup_2": 6.956221103668213,
    "wiring_sup_3": 7.004116535186768,
    "bezel_sup_2": 6.916310548782349,
    "al_sup_2": 6.998366832733154,
    "substrate_sup_2": 6.94581413269043,
    "LED_sup_1": 6.829711198806763,
    "wood_sup_2": 6.864605903625488
}