{
    "faceplate_sup_2": 7.687679290771484,
    "compressor_sup_3": 8.236612558364868,
    "shaft_sup_3": 8.333877563476562,
    "radio_sup_1": 8.27635645866394,
    "substrate_sup_2": 8.217674016952515,
    "controlunit_sup_1": 8.2441987991333,
    "faceplate_sup_1": 8.298508644104004,
    "gauge_sup_2": 8.258992433547974,
    "infortainment_sup_1": 8.14206075668335,
    "cover_sup_1": 8.29094648361206,
    "al_sup_1": 9.449998140335083,
    "fabric_sup_1": 9.619908094406128,
    "cluster_sup_1": 8.839366912841797,
    "fabric_sup_2": 8.87859320640564,
    "plastic_sup_2": 7.938563108444214,
    "screen_sup_2": 8.398572206497192,
    "screen_sup_4": 8.417361736297607,
    "shaft_sup_1": 8.515386581420898,
    "screen_sup_5": 8.460087060928345,
    "wheel_sup_1": 8.420806407928467,
    "button_sup_1": 8.365793704986572,
    "column_sup_1": 8.412137269973755,
    "screen_sup_1": 8.207720041275024,
    "wiring_sup_2": 8.327966451644897,
    "plastic_sup_4": 8.428746938705444,
    "button_sup_4": 8.066232442855835,
    "bezel_sup_3": 8.358631610870361,
    "valve_sup_2": 8.35575795173645,
    "HVAC_sup_3": 8.222819805145264,
    "wiring_sup_4": 8.277990102767944,
    "screen_sup_3": 8.357680559158325,
    "glovebox_sup_2": 8.246874570846558,
    "shaft_sup_2": 8.417848348617554,
    "bezel_sup_5": 8.33741021156311,
    "infortainment_sup_2": 8.178967237472534,
    "cockpit_assy_1": 8.115207433700562,
    "navi_sup_1": 8.387759447097778,
    "switch_sup_2": 8.390767335891724,
    "cover_sup_2": 8.340081691741943,
    "cluster_sup_2": 8.282016277313232,
    "fanvent_sup_3": 8.465701341629028,
    "airbag_sup_1": 8.309655904769897,
    "duct_sup_1": 8.41714859008789,
    "leather_sup_2": 8.448738098144531,
    "gauge_sup_1": 8.564493656158447,
    "HVAC_sup_2": 8.208837032318115,
    "chip_sup_1": 8.387436389923096,
    "valve_sup_1": 8.393999338150024,
    "wire_sup_2": 8.41373586654663,
    "infortainment_sup_3": 8.332004308700562,
    "beam_sup_1": 8.346137523651123,
    "compressor_sup_2": 8.343591690063477,
    "beam_sup_2": 8.343515872955322,
    "wiring_sup_1": 8.237046957015991,
    "switch_sup_1": 8.361154794692993,
    "LED_sup_2": 8.498620510101318,
    "al_sup_2": 8.352354764938354,
    "substrate_sup_1": 8.344392538070679,
    "wire_sup_1": 8.372902870178223,
    "steering_sup_2": 8.426973342895508,
    "cluster_sup_4": 8.286109209060669,
    "wheel_sup_2": 8.40368390083313,
    "bezel_sup_1": 8.423166990280151,
    "controlunit_sup_2": 8.38280177116394,
    "infortainment_sup_4": 8.361645460128784,
    "glass_sup_1": 9.001863479614258,
    "leather_sup_1": 8.488940954208374,
    "glovebox_sup_1": 8.319581270217896,
    "wheel_sup_3": 8.543216943740845,
    "wood_sup_1": 8.456309080123901,
    "connector_sup_1": 8.460567474365234,
    "bezel_sup_4": 8.382609844207764,
    "HVAC_sup_1": 8.390092134475708,
    "airbag_sup_2": 8.408071517944336,
    "wiring_sup_3": 8.394667863845825,
    "bezel_sup_2": 8.42311954498291,
    "cockpit_assy_2": 7.934724807739258,
    "button_sup_5": 8.478638887405396,
    "LED_sup_1": 8.47616720199585,
    "plastic_sup_1": 8.356112480163574,
    "compressor_sup_1": 8.465197801589966,
    "cockpit_assy_3": 8.1492178440094,
    "steering_sup_1": 8.010580778121948,
    "wood_sup_2": 8.433395147323608
}