{
    "button_sup_3": 3.2961490154266357,
    "LED_sup_1": 3.252333879470825,
    "controlunit_sup_2": 3.21240496635437,
    "faceplate_sup_1": 3.268462657928467,
    "cockpit_assy_1": 3.033738851547241,
    "plastic_sup_1": 3.1422278881073,
    "button_sup_2": 3.160264492034912,
    "cluster_sup_3": 3.1468863487243652,
    "cockpit_assy_2": 3.1297805309295654,
    "button_sup_4": 3.2958455085754395,
    "wood_sup_1": 3.188035011291504,
    "substrate_sup_1": 3.168184757232666,
    "cockpit_assy_3": 3.131378173828125,
    "HVAC_sup_3": 3.1640539169311523,
    "al_sup_3": 3.203829765319824,
    "radio_sup_1": 3.2002816200256348,
    "plastic_sup_5": 3.9220919609069824,
    "steering_sup_1": 3.173569917678833,
    "bezel_sup_3": 3.1879169940948486,
    "wiring_sup_1": 3.250016450881958,
    "switch_sup_3": 3.1712052822113037,
    "bezel_sup_4": 3.1783366203308105,
    "fanvent_sup_3": 3.199359655380249,
    "wire_sup_1": 3.1873300075531006,
    "bezel_sup_5": 3.1040287017822266,
    "navi_sup_1": 3.465142250061035,
    "chip_sup_1": 3.433565378189087,
    "LED_sup_2": 3.375317096710205,
    "airbag_sup_1": 3.3925657272338867,
    "glovebox_sup_1": 3.6145570278167725,
    "cluster_sup_1": 4.168848752975464,
    "compressor_sup_3": 3.2238662242889404,
    "beam_sup_1": 3.19584321975708,
    "screen_sup_3": 3.3241093158721924,
    "glass_sup_2": 3.2980940341949463,
    "gauge_sup_2": 3.385202407836914,
    "screen_sup_4": 3.5266366004943848,
    "fabric_sup_1": 3.2450311183929443,
    "column_sup_1": 3.299865245819092,
    "wire_sup_3": 3.2462053298950195,
    "valve_sup_2": 3.2619152069091797,
    "wiring_sup_3": 3.3291571140289307,
    "wheel_sup_2": 3.264725923538208,
    "infortainment_sup_3": 3.2829537391662598,
    "screen_sup_5": 3.304267406463623,
    "gauge_sup_1": 3.2717196941375732,
    "infortainment_sup_1": 3.194828748703003,
    "screen_sup_2": 3.979374408721924,
    "leather_sup_2": 3.5384535789489746,
    "connector_sup_2": 3.256342649459839,
    "wheel_sup_1": 3.353363037109375,
    "bezel_sup_6": 3.289243698120117,
    "duct_sup_2": 3.2966291904449463,
    "button_sup_5": 3.2867250442504883,
    "plastic_sup_3": 3.241678237915039,
    "shaft_sup_1": 3.526799201965332,
    "HVAC_sup_1": 3.181171417236328,
    "valve_sup_1": 3.3904504776000977,
    "beam_sup_3": 3.3307504653930664,
    "infortainment_sup_2": 3.225081205368042,
    "airbag_sup_2": 3.247563600540161,
    "switch_sup_2": 3.332355260848999,
    "duct_sup_1": 3.2649576663970947,
    "compressor_sup_1": 3.259848117828369,
    "shaft_sup_2": 3.2043676376342773,
    "infortainment_sup_4": 3.2965290546417236,
    "cover_sup_1": 3.2167019844055176
}