{
    "LED_sup_2": 6.7414045333862305,
    "compressor_sup_3": 7.27679967880249,
    "gauge_sup_2": 7.21528172492981,
    "HVAC_sup_1": 7.139844655990601,
    "wiring_sup_2": 6.926459789276123,
    "shaft_sup_1": 7.253642559051514,
    "plastic_sup_4": 7.184567928314209,
    "wire_sup_1": 7.4555604457855225,
    "screen_sup_1": 7.9207763671875,
    "button_sup_4": 7.580306768417358,
    "screen_sup_2": 7.264834642410278,
    "button_sup_5": 7.623540639877319,
    "wheel_sup_2": 7.3326592445373535,
    "airbag_sup_1": 7.225004196166992,
    "wood_sup_1": 7.265648126602173,
    "cover_sup_1": 7.31511926651001,
    "infortainment_sup_1": 7.220567464828491,
    "screen_sup_5": 7.355344533920288,
    "beam_sup_2": 7.697571277618408,
    "navi_sup_1": 7.288175344467163,
    "infortainment_sup_3": 7.265687942504883,
    "bezel_sup_5": 7.224989652633667,
    "substrate_sup_2": 6.997251749038696,
    "compressor_sup_2": 7.395833492279053,
    "wire_sup_2": 7.333596467971802,
    "steering_sup_1": 7.195353984832764,
    "bezel_sup_3": 7.250447511672974,
    "fanvent_sup_3": 7.394451856613159,
    "connector_sup_1": 7.307049989700317,
    "infortainment_sup_4": 7.194435358047485,
    "valve_sup_1": 7.283121347427368,
    "compressor_sup_1": 7.301939964294434,
    "screen_sup_3": 7.311952829360962,
    "steering_sup_2": 7.213840484619141,
    "wood_sup_2": 7.391403913497925,
    "LED_sup_1": 7.322487831115723,
    "bezel_sup_1": 7.190681457519531,
    "cluster_sup_2": 7.16965389251709,
    "cockpit_assy_1": 7.0910608768463135,
    "glovebox_sup_1": 7.220262289047241,
    "fabric_sup_1": 7.508139610290527,
    "duct_sup_1": 7.362743854522705,
    "cluster_sup_4": 7.232213973999023,
    "switch_sup_1": 7.281380653381348,
    "switch_sup_3": 7.317643642425537,
    "cockpit_assy_2": 7.065541744232178,
    "al_sup_1": 7.323353290557861,
    "gauge_sup_1": 7.334265470504761,
    "wiring_sup_4": 7.262782096862793,
    "glovebox_sup_2": 7.072368144989014,
    "plastic_sup_1": 7.511400461196899,
    "controlunit_sup_1": 7.279460191726685,
    "chip_sup_1": 7.346883773803711,
    "cluster_sup_1": 7.203955888748169,
    "substrate_sup_1": 7.228937387466431,
    "faceplate_sup_1": 7.260951280593872,
    "wiring_sup_1": 7.187437057495117,
    "al_sup_2": 7.315616846084595,
    "shaft_sup_3": 7.356956720352173,
    "wheel_sup_1": 7.316333770751953,
    "button_sup_3": 8.124358654022217,
    "button_sup_2": 7.302391767501831,
    "cockpit_assy_3": 7.124495506286621,
    "HVAC_sup_3": 7.056942939758301,
    "column_sup_1": 7.2852654457092285,
    "leather_sup_1": 7.28934645652771,
    "shaft_sup_2": 7.298368692398071,
    "beam_sup_1": 7.322322845458984,
    "plastic_sup_2": 7.232126235961914,
    "bezel_sup_2": 7.215497255325317,
    "fabric_sup_2": 7.287377595901489,
    "HVAC_sup_2": 7.040415287017822,
    "faceplate_sup_2": 7.235150337219238,
    "screen_sup_4": 7.294294118881226,
    "radio_sup_1": 7.2869062423706055,
    "bezel_sup_4": 7.209245204925537,
    "glass_sup_1": 7.239818096160889
}