{
    "infortainment_sup_1": 7.5082385540008545,
    "screen_sup_4": 8.327836990356445,
    "switch_sup_1": 8.150159120559692,
    "LED_sup_2": 8.170805931091309,
    "leather_sup_2": 8.176053524017334,
    "cockpit_assy_1": 7.727183103561401,
    "radio_sup_1": 8.263511419296265,
    "wood_sup_1": 8.244071960449219,
    "wiring_sup_2": 8.052230596542358,
    "fanvent_sup_3": 8.177875757217407,
    "wiring_sup_1": 8.110996007919312,
    "cluster_sup_2": 8.17026662826538,
    "glovebox_sup_2": 8.112862586975098,
    "bezel_sup_3": 8.094888687133789,
    "screen_sup_2": 8.179384708404541,
    "wheel_sup_2": 8.238513708114624,
    "cover_sup_1": 8.259282350540161,
    "duct_sup_1": 8.17923903465271,
    "column_sup_1": 8.259597301483154,
    "wheel_sup_1": 8.0631685256958,
    "infortainment_sup_3": 8.17785930633545,
    "gauge_sup_1": 8.29859447479248,
    "screen_sup_5": 8.259619235992432,
    "steering_sup_1": 8.139845132827759,
    "plastic_sup_2": 8.166254997253418,
    "screen_sup_3": 8.226210117340088,
    "screen_sup_1": 8.271831512451172,
    "wire_sup_2": 8.288994073867798,
    "controlunit_sup_1": 8.463644981384277,
    "compressor_sup_3": 8.301006078720093,
    "compressor_sup_1": 8.383044242858887,
    "cockpit_assy_3": 8.009116172790527,
    "beam_sup_2": 8.543530702590942,
    "gauge_sup_2": 8.354068517684937,
    "beam_sup_1": 8.280065059661865,
    "wiring_sup_4": 8.183444261550903,
    "bezel_sup_2": 8.455168008804321,
    "chip_sup_1": 8.322268724441528,
    "faceplate_sup_1": 8.79632306098938,
    "shaft_sup_2": 8.318153619766235,
    "glass_sup_1": 8.359028816223145,
    "cover_sup_2": 8.220100164413452,
    "al_sup_1": 8.335123538970947,
    "switch_sup_2": 8.292861223220825,
    "wood_sup_2": 8.307242155075073,
    "substrate_sup_2": 8.218403339385986,
    "steering_sup_2": 8.185428380966187,
    "cluster_sup_4": 8.227978229522705,
    "connector_sup_1": 8.332412481307983,
    "wiring_sup_3": 8.23803162574768,
    "plastic_sup_4": 8.241380453109741,
    "button_sup_4": 8.2716224193573,
    "HVAC_sup_3": 8.091842412948608,
    "wheel_sup_3": 8.078197956085205,
    "infortainment_sup_2": 8.156671524047852,
    "navi_sup_1": 8.245118856430054,
    "valve_sup_1": 8.25285530090332,
    "faceplate_sup_2": 8.321561098098755,
    "plastic_sup_1": 8.197444915771484,
    "fabric_sup_1": 8.250750303268433,
    "bezel_sup_5": 8.229254961013794,
    "HVAC_sup_1": 8.133070707321167,
    "leather_sup_1": 8.063931465148926,
    "cluster_sup_1": 8.120843172073364,
    "compressor_sup_2": 8.271572351455688,
    "wire_sup_1": 8.317420244216919,
    "shaft_sup_3": 8.386601209640503,
    "valve_sup_2": 8.255890846252441,
    "button_sup_5": 8.268941164016724,
    "controlunit_sup_2": 8.234003782272339,
    "cockpit_assy_2": 8.025243997573853,
    "glovebox_sup_1": 8.150124788284302,
    "button_sup_1": 8.2902193069458,
    "bezel_sup_1": 8.333063840866089,
    "fabric_sup_2": 8.338725805282593,
    "shaft_sup_1": 8.362804412841797,
    "airbag_sup_1": 8.019366264343262,
    "infortainment_sup_4": 8.242411851882935,
    "LED_sup_1": 8.282156705856323,
    "airbag_sup_2": 8.289092779159546,
    "substrate_sup_1": 8.285814762115479,
    "bezel_sup_4": 8.276664972305298,
    "HVAC_sup_2": 8.123640298843384,
    "al_sup_2": 9.153491258621216
}