{
    "wood_sup_2": 7.152953624725342,
    "bezel_sup_3": 6.777303218841553,
    "fanvent_sup_3": 6.919232368469238,
    "faceplate_sup_1": 8.224408149719238,
    "leather_sup_1": 7.050658702850342,
    "cockpit_assy_1": 6.945624589920044,
    "cockpit_assy_3": 6.633856296539307,
    "screen_sup_5": 7.122987985610962,
    "shaft_sup_1": 7.251765489578247,
    "bezel_sup_2": 7.892299175262451,
    "infortainment_sup_3": 7.019362926483154,
    "LED_sup_1": 7.974926948547363,
    "glovebox_sup_2": 9.551754236221313,
    "cockpit_assy_2": 6.642443656921387,
    "cover_sup_2": 7.4988038539886475,
    "screen_sup_1": 7.3723883628845215,
    "plastic_sup_1": 7.3057777881622314,
    "glovebox_sup_1": 7.020342826843262,
    "airbag_sup_1": 7.0908825397491455,
    "compressor_sup_3": 6.781763315200806,
    "screen_sup_3": 8.160882234573364,
    "substrate_sup_2": 7.258394002914429,
    "shaft_sup_2": 6.988911151885986,
    "cluster_sup_4": 7.181901693344116,
    "bezel_sup_5": 7.020862102508545,
    "switch_sup_3": 6.9347569942474365,
    "column_sup_1": 6.917840480804443,
    "gauge_sup_1": 6.885283708572388,
    "wood_sup_1": 8.136548280715942,
    "bezel_sup_4": 7.755645990371704,
    "faceplate_sup_2": 7.743227243423462,
    "fabric_sup_1": 7.417072296142578,
    "steering_sup_1": 7.207597017288208,
    "airbag_sup_2": 7.745355606079102,
    "duct_sup_1": 8.277618169784546,
    "wiring_sup_3": 7.354494094848633,
    "infortainment_sup_1": 7.401887893676758,
    "wire_sup_1": 7.484559059143066,
    "switch_sup_1": 7.258803606033325,
    "button_sup_4": 7.759048700332642,
    "button_sup_5": 7.569635391235352,
    "bezel_sup_1": 8.246132135391235,
    "plastic_sup_4": 7.192245721817017,
    "navi_sup_1": 7.2051942348480225,
    "wheel_sup_2": 7.622361183166504,
    "button_sup_2": 7.143067359924316,
    "steering_sup_2": 7.0547521114349365,
    "screen_sup_4": 7.369910478591919,
    "chip_sup_1": 7.451672554016113,
    "connector_sup_1": 7.411224842071533,
    "fanvent_sup_1": 7.283269166946411,
    "al_sup_1": 7.046521425247192,
    "plastic_sup_5": 6.9809815883636475,
    "al_sup_2": 7.286102771759033,
    "compressor_sup_2": 7.318744421005249,
    "glass_sup_1": 6.957054853439331,
    "HVAC_sup_1": 7.547439098358154,
    "plastic_sup_2": 7.895230054855347,
    "compressor_sup_1": 7.307694911956787,
    "wiring_sup_4": 7.267585515975952,
    "HVAC_sup_2": 6.803499698638916,
    "HVAC_sup_3": 7.021197319030762,
    "shaft_sup_3": 7.7793638706207275,
    "infortainment_sup_4": 7.225675582885742,
    "LED_sup_2": 7.956629037857056,
    "cover_sup_1": 7.040350914001465,
    "cluster_sup_1": 7.5449583530426025,
    "substrate_sup_1": 7.833330392837524,
    "wiring_sup_1": 7.319321632385254,
    "radio_sup_1": 8.427004098892212,
    "wire_sup_2": 7.441248178482056,
    "screen_sup_2": 8.012638807296753,
    "wheel_sup_1": 7.0528504848480225,
    "wiring_sup_2": 6.638067960739136,
    "valve_sup_1": 6.89389181137085,
    "beam_sup_1": 6.87139105796814,
    "beam_sup_2": 6.92079496383667,
    "controlunit_sup_1": 7.403585910797119,
    "cluster_sup_2": 7.112819671630859
}